[
    {
        "id": 0,
        "title": "增加",
        "name": "add",
        "category": "Base",
        "categoryCN": "基础",
        "author": "郝琳",
        "tag": [
            "增加"
        ],
        "rtl": true
    },
    {
        "id": 1,
        "title": "处理器",
        "name": "cpu",
        "category": "Base",
        "categoryCN": "基础",
        "author": "郝琳",
        "tag": [
            "处理器"
        ],
        "rtl": true
    },
    {
        "id": 2,
        "title": "立方体",
        "name": "cube",
        "category": "Base",
        "categoryCN": "基础",
        "author": "郝琳",
        "tag": [
            "立方体"
        ],
        "rtl": true
    },
    {
        "id": 3,
        "title": "显示",
        "name": "display",
        "category": "Base",
        "categoryCN": "基础",
        "author": "郝琳",
        "tag": [
            "显示"
        ],
        "rtl": true
    },
    {
        "id": 4,
        "title": "下载",
        "name": "download",
        "category": "Base",
        "categoryCN": "基础",
        "author": "郝琳",
        "tag": [
            "下载"
        ],
        "rtl": true
    },
    {
        "id": 5,
        "title": "编辑",
        "name": "edit",
        "category": "Base",
        "categoryCN": "基础",
        "author": "郝琳",
        "tag": [
            "编辑"
        ],
        "rtl": true
    },
    {
        "id": 6,
        "title": "文件",
        "name": "file",
        "category": "Base",
        "categoryCN": "基础",
        "author": "郝琳",
        "tag": [
            "文件"
        ],
        "rtl": true
    },
    {
        "id": 7,
        "title": "旗帜",
        "name": "flag",
        "category": "Base",
        "categoryCN": "基础",
        "author": "郝琳",
        "tag": [
            "旗帜"
        ],
        "rtl": true
    },
    {
        "id": 8,
        "title": "左箭头",
        "name": "left-arrow",
        "category": "Base",
        "categoryCN": "基础",
        "author": "郝琳",
        "tag": [
            "左箭头"
        ],
        "rtl": true
    },
    {
        "id": 9,
        "title": "锁定",
        "name": "lock",
        "category": "Base",
        "categoryCN": "基础",
        "author": "郝琳",
        "tag": [
            "锁定"
        ],
        "rtl": true
    },
    {
        "id": 10,
        "title": "更多",
        "name": "more",
        "category": "Base",
        "categoryCN": "基础",
        "author": "郝琳",
        "tag": [
            "更多"
        ],
        "rtl": true
    },
    {
        "id": 11,
        "title": "网络",
        "name": "network",
        "category": "Base",
        "categoryCN": "基础",
        "author": "郝琳",
        "tag": [
            "网络"
        ],
        "rtl": true
    },
    {
        "id": 12,
        "title": "操作系统",
        "name": "os",
        "category": "Base",
        "categoryCN": "基础",
        "author": "郝琳",
        "tag": [
            "操作系统"
        ],
        "rtl": true
    },
    {
        "id": 13,
        "title": "暂停",
        "name": "pause",
        "category": "Base",
        "categoryCN": "基础",
        "author": "郝琳",
        "tag": [
            "暂停"
        ],
        "rtl": true
    },
    {
        "id": 14,
        "title": "右箭头",
        "name": "right-arrow",
        "category": "Base",
        "categoryCN": "基础",
        "author": "郝琳",
        "tag": [
            "右箭头"
        ],
        "rtl": true
    },
    {
        "id": 15,
        "title": "保存",
        "name": "save",
        "category": "Base",
        "categoryCN": "基础",
        "author": "郝琳",
        "tag": [
            "保存"
        ],
        "rtl": true
    },
    {
        "id": 16,
        "title": "搜索",
        "name": "search",
        "category": "Base",
        "categoryCN": "基础",
        "author": "郝琳",
        "tag": [
            "搜索"
        ],
        "rtl": true
    },
    {
        "id": 17,
        "title": "白名单",
        "name": "whitelist",
        "category": "Base",
        "categoryCN": "基础",
        "author": "郝琳",
        "tag": [
            "白名单"
        ],
        "rtl": true
    },
    {
        "id": 18,
        "title": "帮助",
        "name": "help",
        "category": "Base",
        "categoryCN": "基础",
        "author": "郝琳",
        "tag": [
            "帮助"
        ],
        "rtl": true
    },
    {
        "id": 19,
        "title": "编辑",
        "name": "edit-2",
        "category": "Base",
        "categoryCN": "基础",
        "author": "郝琳",
        "tag": [
            "编辑"
        ],
        "rtl": true
    },
    {
        "id": 20,
        "title": "驳回",
        "name": "turn-down",
        "category": "Base",
        "categoryCN": "基础",
        "author": "郝琳",
        "tag": [
            "驳回"
        ],
        "rtl": true
    },
    {
        "id": 21,
        "title": "补发",
        "name": "reissue",
        "category": "Base",
        "categoryCN": "基础",
        "author": "郝琳",
        "tag": [
            "补发"
        ],
        "rtl": true
    },
    {
        "id": 22,
        "title": "采集",
        "name": "collection",
        "category": "Base",
        "categoryCN": "基础",
        "author": "郝琳",
        "tag": [
            "采集"
        ],
        "rtl": true
    },
    {
        "id": 23,
        "title": "插件",
        "name": "plug-in",
        "category": "Base",
        "categoryCN": "基础",
        "author": "郝琳",
        "tag": [
            "插件"
        ],
        "rtl": true
    },
    {
        "id": 24,
        "title": "插件",
        "name": "plug-in-2",
        "category": "Base",
        "categoryCN": "基础",
        "author": "郝琳",
        "tag": [
            "插件"
        ],
        "rtl": true
    },
    {
        "id": 25,
        "title": "查看详情",
        "name": "check-details",
        "category": "Base",
        "categoryCN": "基础",
        "author": "郝琳",
        "tag": [
            "查看详情"
        ],
        "rtl": true
    },
    {
        "id": 26,
        "title": "查收",
        "name": "check",
        "category": "Base",
        "categoryCN": "基础",
        "author": "郝琳",
        "tag": [
            "查收"
        ],
        "rtl": true
    },
    {
        "id": 27,
        "title": "撤回",
        "name": "undo",
        "category": "Base",
        "categoryCN": "基础",
        "author": "郝琳",
        "tag": [
            "撤回"
        ],
        "rtl": true
    },
    {
        "id": 28,
        "title": "处置",
        "name": "deal-with",
        "category": "Base",
        "categoryCN": "基础",
        "author": "郝琳",
        "tag": [
            "处置"
        ],
        "rtl": true
    },
    {
        "id": 29,
        "title": "窗口",
        "name": "window",
        "category": "Base",
        "categoryCN": "基础",
        "author": "郝琳",
        "tag": [
            "窗口"
        ],
        "rtl": true
    },
    {
        "id": 30,
        "title": "待批",
        "name": "pending-approval",
        "category": "Base",
        "categoryCN": "基础",
        "author": "郝琳",
        "tag": [
            "待批"
        ],
        "rtl": true
    },
    {
        "id": 31,
        "title": "导出",
        "name": "export",
        "category": "Base",
        "categoryCN": "基础",
        "author": "郝琳",
        "tag": [
            "导出"
        ],
        "rtl": true
    },
    {
        "id": 32,
        "title": "导入",
        "name": "import",
        "category": "Base",
        "categoryCN": "基础",
        "author": "郝琳",
        "tag": [
            "导入"
        ],
        "rtl": true
    },
    {
        "id": 33,
        "title": "倒计时告警",
        "name": "countdown-alarm",
        "category": "Base",
        "categoryCN": "基础",
        "author": "郝琳",
        "tag": [
            "倒计时告警"
        ],
        "rtl": true
    },
    {
        "id": 34,
        "title": "定位",
        "name": "position",
        "category": "Base",
        "categoryCN": "基础",
        "author": "郝琳",
        "tag": [
            "定位"
        ],
        "rtl": true
    },
    {
        "id": 35,
        "title": "发布",
        "name": "release",
        "category": "Base",
        "categoryCN": "基础",
        "author": "郝琳",
        "tag": [
            "发布"
        ],
        "rtl": true
    },
    {
        "id": 36,
        "title": "发布",
        "name": "release-2",
        "category": "Base",
        "categoryCN": "基础",
        "author": "郝琳",
        "tag": [
            "发布"
        ],
        "rtl": true
    },
    {
        "id": 37,
        "title": "分区",
        "name": "partition",
        "category": "Base",
        "categoryCN": "基础",
        "author": "郝琳",
        "tag": [
            "分区"
        ],
        "rtl": true
    },
    {
        "id": 38,
        "title": "分支",
        "name": "branch",
        "category": "Base",
        "categoryCN": "基础",
        "author": "郝琳",
        "tag": [
            "分支"
        ],
        "rtl": true
    },
    {
        "id": 39,
        "title": "复制",
        "name": "copy",
        "category": "Base",
        "categoryCN": "基础",
        "author": "郝琳",
        "tag": [
            "复制"
        ],
        "rtl": true
    },
    {
        "id": 40,
        "title": "告警",
        "name": "alarm",
        "category": "Base",
        "categoryCN": "基础",
        "author": "郝琳",
        "tag": [
            "告警"
        ],
        "rtl": true
    },
    {
        "id": 41,
        "title": "收起",
        "name": "collapse",
        "category": "Base",
        "categoryCN": "基础",
        "author": "郝琳",
        "tag": [
            "收起"
        ],
        "rtl": true
    },
    {
        "id": 42,
        "title": "展开",
        "name": "expand",
        "category": "Base",
        "categoryCN": "基础",
        "author": "郝琳",
        "tag": [
            "展开"
        ],
        "rtl": true
    },
    {
        "id": 43,
        "title": "公告 ",
        "name": "announcement",
        "category": "Base",
        "categoryCN": "基础",
        "author": "郝琳",
        "tag": [
            "公告"
        ],
        "rtl": true
    },
    {
        "id": 44,
        "title": "攻击路径",
        "name": "attack-path",
        "category": "Base",
        "categoryCN": "基础",
        "author": "郝琳",
        "tag": [
            "攻击路径"
        ],
        "rtl": true
    },
    {
        "id": 45,
        "title": "关闭",
        "name": "close",
        "category": "Base",
        "categoryCN": "基础",
        "author": "郝琳",
        "tag": [
            "关闭"
        ],
        "rtl": true
    },
    {
        "id": 46,
        "title": "关闭工单",
        "name": "close-ticket",
        "category": "Base",
        "categoryCN": "基础",
        "author": "郝琳",
        "tag": [
            "关闭工单"
        ],
        "rtl": true
    },
    {
        "id": 47,
        "title": "黑名单",
        "name": "blacklist",
        "category": "Base",
        "categoryCN": "基础",
        "author": "郝琳",
        "tag": [
            "黑名单"
        ],
        "rtl": true
    },
    {
        "id": 48,
        "title": "忽略",
        "name": "ignore",
        "category": "Base",
        "categoryCN": "基础",
        "author": "郝琳",
        "tag": [
            "忽略"
        ],
        "rtl": true
    },
    {
        "id": 49,
        "title": "灰名单",
        "name": "gray-list",
        "category": "Base",
        "categoryCN": "基础",
        "author": "郝琳",
        "tag": [
            "灰名单"
        ],
        "rtl": true
    },
    {
        "id": 50,
        "title": "重做",
        "name": "redo",
        "category": "Base",
        "categoryCN": "基础",
        "author": "郝琳",
        "tag": [
            "重做"
        ],
        "rtl": true
    },
    {
        "id": 51,
        "title": "记事本",
        "name": "notebook",
        "category": "Base",
        "categoryCN": "基础",
        "author": "郝琳",
        "tag": [
            "记事本"
        ],
        "rtl": true
    },
    {
        "id": 52,
        "title": "加入档案",
        "name": "add-to-file",
        "category": "Base",
        "categoryCN": "基础",
        "author": "郝琳",
        "tag": [
            "加入档案"
        ],
        "rtl": true
    },
    {
        "id": 53,
        "title": "新建文件夹",
        "name": "add-folder",
        "category": "Base",
        "categoryCN": "基础",
        "author": "郝琳",
        "tag": [
            "新建文件夹"
        ],
        "rtl": true
    },
    {
        "id": 54,
        "title": "脚本",
        "name": "script",
        "category": "Base",
        "categoryCN": "基础",
        "author": "郝琳",
        "tag": [
            "脚本"
        ],
        "rtl": true
    },
    {
        "id": 55,
        "title": "接入资源",
        "name": "access-resources",
        "category": "Base",
        "categoryCN": "基础",
        "author": "郝琳",
        "tag": [
            "接入资源"
        ],
        "rtl": true
    },
    {
        "id": 56,
        "title": "解锁",
        "name": "unlock",
        "category": "Base",
        "categoryCN": "基础",
        "author": "郝琳",
        "tag": [
            "解锁"
        ],
        "rtl": true
    },
    {
        "id": 57,
        "title": "今日数据",
        "name": "today-data",
        "category": "Base",
        "categoryCN": "基础",
        "author": "郝琳",
        "tag": [
            "今日数据"
        ],
        "rtl": true
    },
    {
        "id": 58,
        "title": "人员名单",
        "name": "user-list",
        "category": "Base",
        "categoryCN": "基础",
        "author": "郝琳",
        "tag": [
            "人员名单"
        ],
        "rtl": true
    },
    {
        "id": 59,
        "title": "位置",
        "name": "location",
        "category": "Base",
        "categoryCN": "基础",
        "author": "郝琳",
        "tag": [
            "位置"
        ],
        "rtl": true
    },
    {
        "id": 60,
        "title": "排名",
        "name": "ranking",
        "category": "Base",
        "categoryCN": "基础",
        "author": "郝琳",
        "tag": [
            "排名"
        ],
        "rtl": true
    },
    {
        "id": 61,
        "title": "排名",
        "name": "ranking-2",
        "category": "Base",
        "categoryCN": "基础",
        "author": "郝琳",
        "tag": [
            "排名"
        ],
        "rtl": true
    },
    {
        "id": 62,
        "title": "排序",
        "name": "sort",
        "category": "Base",
        "categoryCN": "基础",
        "author": "郝琳",
        "tag": [
            "排序"
        ],
        "rtl": true
    },
    {
        "id": 63,
        "title": "派发",
        "name": "distribute",
        "category": "Base",
        "categoryCN": "基础",
        "author": "郝琳",
        "tag": [
            "派发"
        ],
        "rtl": true
    },
    {
        "id": 64,
        "title": "派发工单",
        "name": "dispatch-work-order",
        "category": "Base",
        "categoryCN": "基础",
        "author": "郝琳",
        "tag": [
            "派发工单"
        ],
        "rtl": true
    },
    {
        "id": 65,
        "title": "启动",
        "name": "start",
        "category": "Base",
        "categoryCN": "基础",
        "author": "郝琳",
        "tag": [
            "启动"
        ],
        "rtl": true
    },
    {
        "id": 66,
        "title": "启动",
        "name": "start-2",
        "category": "Base",
        "categoryCN": "基础",
        "author": "郝琳",
        "tag": [
            "启动"
        ],
        "rtl": true
    },
    {
        "id": 67,
        "title": "启用",
        "name": "start-using",
        "category": "Base",
        "categoryCN": "基础",
        "author": "郝琳",
        "tag": [
            "启用"
        ],
        "rtl": true
    },
    {
        "id": 68,
        "title": "取消置顶",
        "name": "cancel-top",
        "category": "Base",
        "categoryCN": "基础",
        "author": "郝琳",
        "tag": [
            "取消置顶"
        ],
        "rtl": true
    },
    {
        "id": 69,
        "title": "全部菜单",
        "name": "all-menu",
        "category": "Base",
        "categoryCN": "基础",
        "author": "郝琳",
        "tag": [
            "全部菜单"
        ],
        "rtl": true
    },
    {
        "id": 70,
        "title": "任务",
        "name": "task",
        "category": "Base",
        "categoryCN": "基础",
        "author": "郝琳",
        "tag": [
            "任务"
        ],
        "rtl": true
    },
    {
        "id": 71,
        "title": "日历",
        "name": "calendar",
        "category": "Base",
        "categoryCN": "基础",
        "author": "郝琳",
        "tag": [
            "日历"
        ],
        "rtl": true
    },
    {
        "id": 72,
        "title": "筛选",
        "name": "filter",
        "category": "Base",
        "categoryCN": "基础",
        "author": "郝琳",
        "tag": [
            "筛选"
        ],
        "rtl": true
    },
    {
        "id": 73,
        "title": "删除",
        "name": "delete",
        "category": "Base",
        "categoryCN": "基础",
        "author": "郝琳",
        "tag": [
            "删除"
        ],
        "rtl": true
    },
    {
        "id": 74,
        "title": "设置",
        "name": "set-up",
        "category": "Base",
        "categoryCN": "基础",
        "author": "郝琳",
        "tag": [
            "设置"
        ],
        "rtl": true
    },
    {
        "id": 75,
        "title": "审批",
        "name": "approval",
        "category": "Base",
        "categoryCN": "基础",
        "author": "郝琳",
        "tag": [
            "审批"
        ],
        "rtl": true
    },
    {
        "id": 76,
        "title": "时间",
        "name": "time",
        "category": "Base",
        "categoryCN": "基础",
        "author": "郝琳",
        "tag": [
            "时间"
        ],
        "rtl": true
    },
    {
        "id": 77,
        "title": "展开",
        "name": "expand-2",
        "category": "Base",
        "categoryCN": "基础",
        "author": "郝琳",
        "tag": [
            "展开"
        ],
        "rtl": true
    },
    {
        "id": 78,
        "title": "导航收起",
        "name": "navigation-collapse",
        "category": "Base",
        "categoryCN": "基础",
        "author": "郝琳",
        "tag": [
            "导航收起"
        ],
        "rtl": true
    },
    {
        "id": 79,
        "title": "收起",
        "name": "collapse-3",
        "category": "Base",
        "categoryCN": "基础",
        "author": "郝琳",
        "tag": [
            "收起"
        ],
        "rtl": true
    },
    {
        "id": 80,
        "title": "首页",
        "name": "home",
        "category": "Base",
        "categoryCN": "基础",
        "author": "郝琳",
        "tag": [
            "首页"
        ],
        "rtl": true
    },
    {
        "id": 81,
        "title": "授权",
        "name": "authorized",
        "category": "Base",
        "categoryCN": "基础",
        "author": "郝琳",
        "tag": [
            "授权"
        ],
        "rtl": true
    },
    {
        "id": 82,
        "title": "数据",
        "name": "data",
        "category": "Base",
        "categoryCN": "基础",
        "author": "郝琳",
        "tag": [
            "数据"
        ],
        "rtl": true
    },
    {
        "id": 83,
        "title": "提交",
        "name": "submit",
        "category": "Base",
        "categoryCN": "基础",
        "author": "郝琳",
        "tag": [
            "提交"
        ],
        "rtl": true
    },
    {
        "id": 84,
        "title": "提示信息",
        "name": "prompt-information",
        "category": "Base",
        "categoryCN": "基础",
        "author": "郝琳",
        "tag": [
            "提示信息"
        ],
        "rtl": true
    },
    {
        "id": 85,
        "title": "停用",
        "name": "stop-using",
        "category": "Base",
        "categoryCN": "基础",
        "author": "郝琳",
        "tag": [
            "停用"
        ],
        "rtl": true
    },
    {
        "id": 86,
        "title": "通知",
        "name": "notify",
        "category": "Base",
        "categoryCN": "基础",
        "author": "郝琳",
        "tag": [
            "通知"
        ],
        "rtl": true
    },
    {
        "id": 87,
        "title": "同步",
        "name": "synchronize",
        "category": "Base",
        "categoryCN": "基础",
        "author": "郝琳",
        "tag": [
            "同步"
        ],
        "rtl": true
    },
    {
        "id": 88,
        "title": "完成工单",
        "name": "ticket-finished",
        "category": "Base",
        "categoryCN": "基础",
        "author": "郝琳",
        "tag": [
            "完成工单"
        ],
        "rtl": true
    },
    {
        "id": 89,
        "title": "完成",
        "name": "finished",
        "category": "Base",
        "categoryCN": "基础",
        "author": "郝琳",
        "tag": [
            "完成"
        ],
        "rtl": true
    },
    {
        "id": 90,
        "title": "位置",
        "name": "location-2",
        "category": "Base",
        "categoryCN": "基础",
        "author": "郝琳",
        "tag": [
            "位置"
        ],
        "rtl": true
    },
    {
        "id": 91,
        "title": "下拉箭头",
        "name": "drop-down-arrow",
        "category": "Base",
        "categoryCN": "基础",
        "author": "郝琳",
        "tag": [
            "下拉箭头"
        ],
        "rtl": true
    },
    {
        "id": 92,
        "title": "下拉箭头",
        "name": "drop-down-arrow-2",
        "category": "Base",
        "categoryCN": "基础",
        "author": "郝琳",
        "tag": [
            "下拉箭头"
        ],
        "rtl": true
    },
    {
        "id": 93,
        "title": "右箭头",
        "name": "right-arrow-2",
        "category": "Base",
        "categoryCN": "基础",
        "author": "郝琳",
        "tag": [
            "右箭头"
        ],
        "rtl": true
    },
    {
        "id": 94,
        "title": "详情",
        "name": "details",
        "category": "Base",
        "categoryCN": "基础",
        "author": "郝琳",
        "tag": [
            "详情"
        ],
        "rtl": true
    },
    {
        "id": 95,
        "title": "新增",
        "name": "add-2",
        "category": "Base",
        "categoryCN": "基础",
        "author": "郝琳",
        "tag": [
            "新增"
        ],
        "rtl": true
    },
    {
        "id": 96,
        "title": "移除",
        "name": "remove",
        "category": "Base",
        "categoryCN": "基础",
        "author": "郝琳",
        "tag": [
            "移除"
        ],
        "rtl": true
    },
    {
        "id": 97,
        "title": "移除行",
        "name": "remove-row",
        "category": "Base",
        "categoryCN": "基础",
        "author": "郝琳",
        "tag": [
            "移除行"
        ],
        "rtl": true
    },
    {
        "id": 98,
        "title": "移除文件夹",
        "name": "remove-folder",
        "category": "Base",
        "categoryCN": "基础",
        "author": "郝琳",
        "tag": [
            "移除文件夹"
        ],
        "rtl": true
    },
    {
        "id": 99,
        "title": "移动",
        "name": "move",
        "category": "Base",
        "categoryCN": "基础",
        "author": "郝琳",
        "tag": [
            "移动"
        ],
        "rtl": true
    },
    {
        "id": 100,
        "title": "右箭头",
        "name": "right-arrow-3",
        "category": "Base",
        "categoryCN": "基础",
        "author": "郝琳",
        "tag": [
            "右箭头"
        ],
        "rtl": true
    },
    {
        "id": 101,
        "title": "导航展开",
        "name": "navigation-expand",
        "category": "Base",
        "categoryCN": "基础",
        "author": "郝琳",
        "tag": [
            "导航展开"
        ],
        "rtl": true
    },
    {
        "id": 102,
        "title": "已采集数据",
        "name": "collected-data",
        "category": "Base",
        "categoryCN": "基础",
        "author": "郝琳",
        "tag": [
            "已采集数据"
        ],
        "rtl": true
    },
    {
        "id": 103,
        "title": "展开树",
        "name": "expand-tree",
        "category": "Base",
        "categoryCN": "基础",
        "author": "郝琳",
        "tag": [
            "展开树"
        ],
        "rtl": true
    },
    {
        "id": 104,
        "title": "笑脸",
        "name": "smiley-face",
        "category": "Base",
        "categoryCN": "基础",
        "author": "郝琳",
        "tag": [
            "笑脸"
        ],
        "rtl": true
    },
    {
        "id": 105,
        "title": "整改",
        "name": "rectification",
        "category": "Base",
        "categoryCN": "基础",
        "author": "郝琳",
        "tag": [
            "整改"
        ],
        "rtl": true
    },
    {
        "id": 106,
        "title": "置顶",
        "name": "top",
        "category": "Base",
        "categoryCN": "基础",
        "author": "郝琳",
        "tag": [
            "置顶"
        ],
        "rtl": true
    },
    {
        "id": 107,
        "title": "转移组织",
        "name": "transfer-organize",
        "category": "Base",
        "categoryCN": "基础",
        "author": "郝琳",
        "tag": [
            "转移组织"
        ],
        "rtl": true
    },
    {
        "id": 108,
        "title": "组织",
        "name": "organize",
        "category": "Base",
        "categoryCN": "基础",
        "author": "郝琳",
        "tag": [
            "组织"
        ],
        "rtl": true
    },
    {
        "id": 109,
        "title": "左箭头",
        "name": "left-arrow-3",
        "category": "Base",
        "categoryCN": "基础",
        "author": "郝琳",
        "tag": [
            "左箭头"
        ],
        "rtl": true
    },
    {
        "id": 110,
        "title": "作废",
        "name": "invalid",
        "category": "Base",
        "categoryCN": "基础",
        "author": "郝琳",
        "tag": [
            "作废"
        ],
        "rtl": true
    },
    {
        "id": 111,
        "title": "作业质量",
        "name": "job-quality",
        "category": "Base",
        "categoryCN": "基础",
        "author": "郝琳",
        "tag": [
            "作业质量"
        ],
        "rtl": true
    },
    {
        "id": 112,
        "title": "人员锁定",
        "name": "user-locked",
        "category": "Base",
        "categoryCN": "基础",
        "author": "郝琳",
        "tag": [
            "人员锁定"
        ],
        "rtl": true
    },
    {
        "id": 113,
        "title": "外网",
        "name": "extranet-network",
        "category": "Base",
        "categoryCN": "基础",
        "author": "郝琳",
        "tag": [
            "外网"
        ],
        "rtl": true
    },
    {
        "id": 114,
        "title": "文件夹",
        "name": "folder",
        "category": "Base",
        "categoryCN": "基础",
        "author": "郝琳",
        "tag": [
            "文件夹"
        ],
        "rtl": true
    },
    {
        "id": 115,
        "title": "关闭",
        "name": "close-2",
        "category": "Base",
        "categoryCN": "基础",
        "author": "郝琳",
        "tag": [
            "关闭"
        ],
        "rtl": true
    },
    {
        "id": 116,
        "title": "单选框-已选",
        "name": "radio-selected",
        "category": "Base",
        "categoryCN": "基础",
        "author": "郝琳",
        "tag": [
            "单选框-已选"
        ],
        "rtl": true
    },
    {
        "id": 117,
        "title": "单选框-未选",
        "name": "radio-unselected",
        "category": "Base",
        "categoryCN": "基础",
        "author": "郝琳",
        "tag": [
            "单选框-未选"
        ],
        "rtl": true
    },
    {
        "id": 118,
        "title": "用户",
        "name": "user",
        "category": "Base",
        "categoryCN": "基础",
        "author": "郝琳",
        "tag": [
            "用户"
        ],
        "rtl": true
    },
    {
        "id": 119,
        "title": "资产",
        "name": "assets",
        "category": "Base",
        "categoryCN": "基础",
        "author": "郝琳",
        "tag": [
            "资产"
        ],
        "rtl": true
    },
    {
        "id": 120,
        "title": "延时",
        "name": "time-delay",
        "category": "Base",
        "categoryCN": "基础",
        "author": "郝琳",
        "tag": [
            "延时"
        ],
        "rtl": true
    },
    {
        "id": 121,
        "title": "数据源",
        "name": "data-source",
        "category": "Base",
        "categoryCN": "基础",
        "author": "郝琳",
        "tag": [
            "数据源"
        ],
        "rtl": true
    },
    {
        "id": 122,
        "title": "申诉",
        "name": "appeal",
        "category": "Base",
        "categoryCN": "基础",
        "author": "郝琳",
        "tag": [
            "申诉"
        ],
        "rtl": true
    },
    {
        "id": 123,
        "title": "配置",
        "name": "configuration",
        "category": "Base",
        "categoryCN": "基础",
        "author": "郝琳",
        "tag": [
            "配置"
        ],
        "rtl": true
    },
    {
        "id": 124,
        "title": "批量",
        "name": "batch",
        "category": "Base",
        "categoryCN": "基础",
        "author": "郝琳",
        "tag": [
            "批量"
        ],
        "rtl": true
    },
    {
        "id": 125,
        "title": "内存",
        "name": "memory",
        "category": "Base",
        "categoryCN": "基础",
        "author": "郝琳",
        "tag": [
            "内存"
        ],
        "rtl": true
    },
    {
        "id": 126,
        "title": "流量",
        "name": "flow",
        "category": "Base",
        "categoryCN": "基础",
        "author": "郝琳",
        "tag": [
            "流量"
        ],
        "rtl": true
    },
    {
        "id": 127,
        "title": "接口",
        "name": "interface",
        "category": "Base",
        "categoryCN": "基础",
        "author": "郝琳",
        "tag": [
            "接口"
        ],
        "rtl": true
    },
    {
        "id": 128,
        "title": "告警提示",
        "name": "warning",
        "category": "Base",
        "categoryCN": "基础",
        "author": "郝琳",
        "tag": [
            "告警提示"
        ],
        "rtl": true
    },
    {
        "id": 129,
        "title": "封堵",
        "name": "to-block",
        "category": "Base",
        "categoryCN": "基础",
        "author": "郝琳",
        "tag": [
            "封堵"
        ],
        "rtl": true
    },
    {
        "id": 130,
        "title": "待办事项",
        "name": "to-do",
        "category": "Base",
        "categoryCN": "基础",
        "author": "郝琳",
        "tag": [
            "待办事项"
        ],
        "rtl": true
    },
    {
        "id": 131,
        "title": "未通过审批",
        "name": "not-approved",
        "category": "Base",
        "categoryCN": "基础",
        "author": "郝琳",
        "tag": [
            "未通过审批"
        ],
        "rtl": true
    },
    {
        "id": 132,
        "title": "暴露资产",
        "name": "exposed-assets",
        "category": "Base",
        "categoryCN": "基础",
        "author": "郝琳",
        "tag": [
            "暴露资产"
        ],
        "rtl": true
    },
    {
        "id": 133,
        "title": "上传",
        "name": "upload",
        "category": "Base",
        "categoryCN": "基础",
        "author": "李腾",
        "tag": [
            "上传"
        ],
        "rtl": true
    },
    {
        "id": 134,
        "title": "标签",
        "name": "tag",
        "category": "Base",
        "categoryCN": "基础",
        "author": "李腾",
        "tag": [
            "标签"
        ],
        "rtl": true
    },
    {
        "id": 135,
        "title": "组",
        "name": "group",
        "category": "Base",
        "categoryCN": "基础",
        "author": "李腾",
        "tag": [
            "组"
        ],
        "rtl": true
    },
    {
        "id": 136,
        "title": "星号",
        "name": "asterisk",
        "category": "Base",
        "categoryCN": "基础",
        "author": "李腾",
        "tag": [
            "星号"
        ],
        "rtl": true
    },
    {
        "id": 137,
        "title": "提示信息",
        "name": "prompt-information-2",
        "category": "Base",
        "categoryCN": "基础",
        "author": "李腾",
        "tag": [
            "提示信息"
        ],
        "rtl": true
    },
    {
        "id": 138,
        "title": "提示信息",
        "name": "prompt-information-3",
        "category": "Base",
        "categoryCN": "基础",
        "author": "李腾",
        "tag": [
            "提示信息"
        ],
        "rtl": true
    },
    {
        "id": 139,
        "title": "验证码",
        "name": "verification-code",
        "category": "Base",
        "categoryCN": "基础",
        "author": "李腾",
        "tag": [
            "验证码"
        ],
        "rtl": true
    },
    {
        "id": 140,
        "title": "租户",
        "name": "tenant",
        "category": "Base",
        "categoryCN": "基础",
        "author": "李腾",
        "tag": [
            "租户"
        ],
        "rtl": true
    },
    {
        "id": 141,
        "title": "终止",
        "name": "stop",
        "category": "Base",
        "categoryCN": "基础",
        "author": "李腾",
        "tag": [
            "终止",
            "停止"
        ],
        "rtl": true
    },
    {
        "id": 142,
        "title": "恢复",
        "name": "recover",
        "category": "Base",
        "categoryCN": "基础",
        "author": "李腾",
        "tag": [
            "恢复"
        ],
        "rtl": true
    },
    {
        "id": 143,
        "title": "重新执行",
        "name": "re-start",
        "category": "Base",
        "categoryCN": "基础",
        "author": "李腾",
        "tag": [
            "重新执行"
        ],
        "rtl": true
    },
    {
        "id": 144,
        "title": "主题",
        "name": "theme",
        "category": "Base",
        "categoryCN": "基础",
        "author": "李腾",
        "tag": [
            "主题"
        ],
        "rtl": true
    },
    {
        "id": 145,
        "title": "退出",
        "name": "exit",
        "category": "Base",
        "categoryCN": "基础",
        "author": "李腾",
        "tag": [
            "退出"
        ],
        "rtl": true
    },
    {
        "id": 146,
        "title": "清除",
        "name": "clear",
        "category": "Base",
        "categoryCN": "基础",
        "author": "李腾",
        "tag": [
            "清除"
        ],
        "rtl": true
    },
    {
        "id": 147,
        "title": "隐藏",
        "name": "hide",
        "category": "Base",
        "categoryCN": "基础",
        "author": "李腾",
        "tag": [
            "隐藏"
        ],
        "rtl": true
    },
    {
        "id": 148,
        "title": "移出组",
        "name": "move-out-from-group",
        "category": "Base",
        "categoryCN": "基础",
        "author": "李腾",
        "tag": [
            "移出组"
        ],
        "rtl": true
    },
    {
        "id": 149,
        "title": "移入组",
        "name": "move-in-to-group",
        "category": "Base",
        "categoryCN": "基础",
        "author": "李腾",
        "tag": [
            "移入组"
        ],
        "rtl": true
    },
    {
        "id": 150,
        "title": "置底",
        "name": "bottom",
        "category": "Base",
        "categoryCN": "基础",
        "author": "李腾",
        "tag": [
            "置底"
        ],
        "rtl": true
    },
    {
        "id": 151,
        "title": "修改密码",
        "name": "edit-password",
        "category": "Base",
        "categoryCN": "基础",
        "author": "李腾",
        "tag": [
            "修改密码"
        ],
        "rtl": true
    },
    {
        "id": 152,
        "title": "上箭头",
        "name": "up-arrow",
        "category": "Base",
        "categoryCN": "基础",
        "author": "李腾",
        "tag": [
            "上箭头"
        ],
        "rtl": true
    },
    {
        "id": 153,
        "title": "全部展开",
        "name": "expand-all",
        "category": "Base",
        "categoryCN": "基础",
        "author": "李腾",
        "tag": [
            "全部展开"
        ],
        "rtl": true
    },
    {
        "id": 154,
        "title": "全部折叠",
        "name": "collapse-all",
        "category": "Base",
        "categoryCN": "基础",
        "author": "李腾",
        "tag": [
            "全部折叠"
        ],
        "rtl": true
    },
    {
        "id": 155,
        "title": "更多",
        "name": "more-2",
        "category": "Base",
        "categoryCN": "基础",
        "author": "李腾",
        "tag": [
            "更多"
        ],
        "rtl": true
    },
    {
        "id": 156,
        "title": "资产发现",
        "name": "asset-discover",
        "category": "Base",
        "categoryCN": "基础",
        "author": "李腾",
        "tag": [
            "资产发现"
        ],
        "rtl": true
    },
    {
        "id": 157,
        "title": "资产指纹",
        "name": "asset-fingerprint",
        "category": "Base",
        "categoryCN": "基础",
        "author": "李腾",
        "tag": [
            "资产指纹"
        ],
        "rtl": true
    },
    {
        "id": 158,
        "title": "基线检查",
        "name": "baseline-check",
        "category": "Base",
        "categoryCN": "基础",
        "author": "李腾",
        "tag": [
            "基线检查"
        ],
        "rtl": true
    },
    {
        "id": 159,
        "title": "弱口令",
        "name": "weak-password",
        "category": "Base",
        "categoryCN": "基础",
        "author": "李腾",
        "tag": [
            "弱口令"
        ],
        "rtl": true
    },
    {
        "id": 160,
        "title": "防火墙",
        "name": "fire-wall",
        "category": "Base",
        "categoryCN": "基础",
        "author": "李腾",
        "tag": [
            "防火墙"
        ],
        "rtl": true
    },
    {
        "id": 161,
        "title": "POC验证",
        "name": "poc-verification",
        "category": "Base",
        "categoryCN": "基础",
        "author": "李腾",
        "tag": [
            "POC验证"
        ],
        "rtl": true
    },
    {
        "id": 162,
        "title": "人工",
        "name": "human",
        "category": "Base",
        "categoryCN": "基础",
        "author": "李腾",
        "tag": [
            "人工"
        ],
        "rtl": true
    },
    {
        "id": 163,
        "title": "能力",
        "name": "ability",
        "category": "Base",
        "categoryCN": "基础",
        "author": "李腾",
        "tag": [
            "能力"
        ],
        "rtl": true
    },
    {
        "id": 164,
        "title": "子流程",
        "name": "subprocess",
        "category": "Base",
        "categoryCN": "基础",
        "author": "李腾",
        "tag": [
            "子流程"
        ],
        "rtl": true
    },
    {
        "id": 165,
        "title": "子剧本",
        "name": "subscript",
        "category": "Base",
        "categoryCN": "基础",
        "author": "李腾",
        "tag": [
            "子剧本"
        ],
        "rtl": true
    },
    {
        "id": 166,
        "title": "互斥网关",
        "name": "mutual-exclusion-gateway",
        "category": "Base",
        "categoryCN": "基础",
        "author": "李腾",
        "tag": [
            "互斥网关"
        ],
        "rtl": true
    },
    {
        "id": 167,
        "title": "并行网关",
        "name": "parallel-gateway",
        "category": "Base",
        "categoryCN": "基础",
        "author": "李腾",
        "tag": [
            "并行网关"
        ],
        "rtl": true
    },
    {
        "id": 168,
        "title": "连接",
        "name": "connect",
        "category": "Base",
        "categoryCN": "基础",
        "author": "李腾",
        "tag": [
            "连接"
        ],
        "rtl": true
    },
    {
        "id": 169,
        "title": "快捷键",
        "name": "hot-key",
        "category": "Base",
        "categoryCN": "基础",
        "author": "李腾",
        "tag": [
            "快捷键"
        ],
        "rtl": true
    },
    {
        "id": 170,
        "title": "全屏",
        "name": "full-screen",
        "category": "Base",
        "categoryCN": "基础",
        "author": "李腾",
        "tag": [
            "全屏"
        ],
        "rtl": true
    },
    {
        "id": 171,
        "title": "回退",
        "name": "go-back",
        "category": "Base",
        "categoryCN": "基础",
        "author": "李腾",
        "tag": [
            "回退"
        ],
        "rtl": true
    },
    {
        "id": 172,
        "title": "重做",
        "name": "redo-2",
        "category": "Base",
        "categoryCN": "基础",
        "author": "李腾",
        "tag": [
            "重做"
        ],
        "rtl": true
    },
    {
        "id": 173,
        "title": "鼠标",
        "name": "mouse",
        "category": "Base",
        "categoryCN": "基础",
        "author": "李腾",
        "tag": [
            "鼠标"
        ],
        "rtl": true
    },
    {
        "id": 174,
        "title": "减小",
        "name": "minus",
        "category": "Base",
        "categoryCN": "基础",
        "author": "李腾",
        "tag": [
            "减小"
        ],
        "rtl": true
    },
    {
        "id": 175,
        "title": "竖向分布",
        "name": "vertical-distribution",
        "category": "Base",
        "categoryCN": "基础",
        "author": "李腾",
        "tag": [
            "竖向分布"
        ],
        "rtl": true
    },
    {
        "id": 176,
        "title": "横向分布",
        "name": "horizontal-distribution",
        "category": "Base",
        "categoryCN": "基础",
        "author": "李腾",
        "tag": [
            "横向分布"
        ],
        "rtl": true
    },
    {
        "id": 177,
        "title": "左对齐",
        "name": "align-left",
        "category": "Base",
        "categoryCN": "基础",
        "author": "李腾",
        "tag": [
            "左对齐"
        ],
        "rtl": true
    },
    {
        "id": 178,
        "title": "竖向居中对齐",
        "name": "align-vertically",
        "category": "Base",
        "categoryCN": "基础",
        "author": "李腾",
        "tag": [
            "竖向居中对齐"
        ],
        "rtl": true
    },
    {
        "id": 179,
        "title": "右对齐",
        "name": "right-align",
        "category": "Base",
        "categoryCN": "基础",
        "author": "李腾",
        "tag": [
            "右对齐"
        ],
        "rtl": true
    },
    {
        "id": 180,
        "title": "顶部对齐",
        "name": "align-top",
        "category": "Base",
        "categoryCN": "基础",
        "author": "李腾",
        "tag": [
            "顶部对齐"
        ],
        "rtl": true
    },
    {
        "id": 181,
        "title": "横向居中对齐",
        "name": "horizontal-center-alignment",
        "category": "Base",
        "categoryCN": "基础",
        "author": "李腾",
        "tag": [
            "横向居中对齐"
        ],
        "rtl": true
    },
    {
        "id": 182,
        "title": "底部对齐",
        "name": "bottom-alignment",
        "category": "Base",
        "categoryCN": "基础",
        "author": "李腾",
        "tag": [
            "底部对齐"
        ],
        "rtl": true
    },
    {
        "id": 183,
        "title": "防火墙管理剧本",
        "name": "firewall-management-playbook",
        "category": "Base",
        "categoryCN": "基础",
        "author": "李腾",
        "tag": [
            "防火墙管理剧本"
        ],
        "rtl": true
    },
    {
        "id": 184,
        "title": "资产生命周期剧本",
        "name": "asset-lifecycle-playbook",
        "category": "Base",
        "categoryCN": "基础",
        "author": "李腾",
        "tag": [
            "资产生命周期剧本"
        ],
        "rtl": true
    },
    {
        "id": 185,
        "title": "漏洞管理剧本",
        "name": "vulnerability-management-playbook",
        "category": "Base",
        "categoryCN": "基础",
        "author": "李腾",
        "tag": [
            "漏洞管理剧本"
        ],
        "rtl": true
    },
    {
        "id": 186,
        "title": "未分组剧本",
        "name": "ungrouped-script",
        "category": "Base",
        "categoryCN": "基础",
        "author": "李腾",
        "tag": [
            "未分组剧本"
        ],
        "rtl": true
    },
    {
        "id": 187,
        "title": "IP",
        "name": "ip",
        "category": "Base",
        "categoryCN": "基础",
        "author": "李腾",
        "tag": [
            "IP"
        ],
        "rtl": true
    },
    {
        "id": 188,
        "title": "扫描IP",
        "name": "scan-ip",
        "category": "Base",
        "categoryCN": "基础",
        "author": "李腾",
        "tag": [
            "扫描IP"
        ],
        "rtl": true
    },
    {
        "id": 189,
        "title": "未知IP",
        "name": "unknown-ip",
        "category": "Base",
        "categoryCN": "基础",
        "author": "李腾",
        "tag": [
            "未知IP"
        ],
        "rtl": true
    },
    {
        "id": 190,
        "title": "存活IP",
        "name": "alive-ip",
        "category": "Base",
        "categoryCN": "基础",
        "author": "李腾",
        "tag": [
            "存活IP"
        ],
        "rtl": true
    },
    {
        "id": 191,
        "title": "未存活IP",
        "name": "unalive-ip",
        "category": "Base",
        "categoryCN": "基础",
        "author": "李腾",
        "tag": [
            "未存活IP"
        ],
        "rtl": true
    },
    {
        "id": 192,
        "title": "已知IP",
        "name": "known-ip",
        "category": "Base",
        "categoryCN": "基础",
        "author": "李腾",
        "tag": [
            "已知IP"
        ],
        "rtl": true
    },
    {
        "id": 193,
        "title": "默认模板",
        "name": "default-template",
        "category": "Base",
        "categoryCN": "基础",
        "author": "李腾",
        "tag": [
            "默认模板"
        ],
        "rtl": true
    },
    {
        "id": 194,
        "title": "参数说明",
        "name": "parameter-description",
        "category": "Base",
        "categoryCN": "基础",
        "author": "李腾",
        "tag": [
            "参数说明"
        ],
        "rtl": true
    },
    {
        "id": 195,
        "title": "取消固定",
        "name": "unpin",
        "category": "Base",
        "categoryCN": "基础",
        "author": "李腾",
        "tag": [
            "取消固定"
        ],
        "rtl": true
    },
    {
        "id": 196,
        "title": "固定",
        "name": "pin",
        "category": "Base",
        "categoryCN": "基础",
        "author": "李腾",
        "tag": [
            "固定"
        ],
        "rtl": true
    },
    {
        "id": 197,
        "title": "停止",
        "name": "stop-2",
        "category": "Base",
        "categoryCN": "基础",
        "author": "李腾",
        "tag": [
            "停止"
        ],
        "rtl": true
    },
    {
        "id": 198,
        "title": "自动刷新",
        "name": "auto-refresh",
        "category": "Base",
        "categoryCN": "基础",
        "author": "李腾",
        "tag": [
            "自动刷新"
        ],
        "rtl": true
    },
    {
        "id": 199,
        "title": "即将超时",
        "name": "about-to-time-out",
        "category": "Base",
        "categoryCN": "基础",
        "author": "李腾",
        "tag": [
            "即将超时"
        ],
        "rtl": true
    },
    {
        "id": 200,
        "title": "必备进程",
        "name": "prerequisite-process",
        "category": "Base",
        "categoryCN": "基础",
        "author": "李腾",
        "tag": [
            "必备进程"
        ],
        "rtl": true
    },
    {
        "id": 201,
        "title": "禁止进程",
        "name": "ban-process",
        "category": "Base",
        "categoryCN": "基础",
        "author": "李腾",
        "tag": [
            "禁止进程"
        ],
        "rtl": true
    },
    {
        "id": 202,
        "title": "终端环境",
        "name": "client-environment",
        "category": "Base",
        "categoryCN": "基础",
        "author": "李腾",
        "tag": [
            "终端环境"
        ],
        "rtl": true
    },
    {
        "id": 203,
        "title": "系统补丁",
        "name": "system-patch",
        "category": "Base",
        "categoryCN": "基础",
        "author": "李腾",
        "tag": [
            "系统补丁"
        ],
        "rtl": true
    },
    {
        "id": 204,
        "title": "资产价值",
        "name": "asset-value",
        "category": "Base",
        "categoryCN": "基础",
        "author": "李腾",
        "tag": [
            "资产价值"
        ],
        "rtl": true
    },
    {
        "id": 205,
        "title": "终端注册数量",
        "name": "client-registrations-number",
        "category": "Base",
        "categoryCN": "基础",
        "author": "李腾",
        "tag": [
            "终端注册数量"
        ],
        "rtl": true
    },
    {
        "id": 206,
        "title": "安全防护软件",
        "name": "security-software",
        "category": "Base",
        "categoryCN": "基础",
        "author": "李腾",
        "tag": [
            "安全防护软件"
        ],
        "rtl": true
    },
    {
        "id": 207,
        "title": "配置并启用",
        "name": "configure-and-enable",
        "category": "Base",
        "categoryCN": "基础",
        "author": "李腾",
        "tag": [
            "配置并启用"
        ],
        "rtl": true
    },
    {
        "id": 208,
        "title": "安全策略",
        "name": "security-strategy",
        "category": "Base",
        "categoryCN": "基础",
        "author": "李腾",
        "tag": [
            "安全策略"
        ],
        "rtl": true
    },
    {
        "id": 209,
        "title": "初始化",
        "name": "initialization",
        "category": "Base",
        "categoryCN": "基础",
        "author": "李腾",
        "tag": [
            "初始化"
        ],
        "rtl": true
    },
    {
        "id": 210,
        "title": "拒绝",
        "name": "reject",
        "category": "Base",
        "categoryCN": "基础",
        "author": "李腾",
        "tag": [
            "拒绝"
        ],
        "rtl": true
    },
    {
        "id": 211,
        "title": "同意",
        "name": "agree",
        "category": "Base",
        "categoryCN": "基础",
        "author": "李腾",
        "tag": [
            "同意"
        ],
        "rtl": true
    },
    {
        "id": 212,
        "title": "IOS",
        "name": "ios",
        "category": "Base",
        "categoryCN": "基础",
        "author": "李腾",
        "tag": [
            "IOS"
        ],
        "rtl": true
    },
    {
        "id": 213,
        "title": "Windows",
        "name": "windows",
        "category": "Base",
        "categoryCN": "基础",
        "author": "李腾",
        "tag": [
            "Windows"
        ],
        "rtl": true
    },
    {
        "id": 214,
        "title": "PC",
        "name": "pc",
        "category": "Base",
        "categoryCN": "基础",
        "author": "李腾",
        "tag": [
            "PC"
        ],
        "rtl": true
    },
    {
        "id": 215,
        "title": "终端",
        "name": "terminal",
        "category": "Base",
        "categoryCN": "基础",
        "author": "李腾",
        "tag": [
            "终端"
        ],
        "rtl": true
    },
    {
        "id": 216,
        "title": "安卓",
        "name": "android",
        "category": "Base",
        "categoryCN": "基础",
        "author": "李腾",
        "tag": [
            "安卓"
        ],
        "rtl": true
    },
    {
        "id": 217,
        "title": "手机",
        "name": "cell-phone",
        "category": "Base",
        "categoryCN": "基础",
        "author": "李腾",
        "tag": [
            "手机"
        ],
        "rtl": true
    },
    {
        "id": 218,
        "title": "降序",
        "name": "descending-order",
        "category": "Base",
        "categoryCN": "基础",
        "author": "李腾",
        "tag": [
            "降序"
        ],
        "rtl": true
    },
    {
        "id": 219,
        "title": "升序",
        "name": "ascending-order",
        "category": "Base",
        "categoryCN": "基础",
        "author": "李腾",
        "tag": [
            "升序"
        ],
        "rtl": true
    },
    {
        "id": 220,
        "title": "降序",
        "name": "descending-order-2",
        "category": "Base",
        "categoryCN": "基础",
        "author": "李腾",
        "tag": [
            "降序"
        ],
        "rtl": true
    },
    {
        "id": 221,
        "title": "升序",
        "name": "ascending-order-2",
        "category": "Base",
        "categoryCN": "基础",
        "author": "李腾",
        "tag": [
            "升序"
        ],
        "rtl": true
    },
    {
        "id": 222,
        "title": "进行中",
        "name": "in-progress",
        "category": "Base",
        "categoryCN": "基础",
        "author": "李腾",
        "tag": [
            "进行中"
        ],
        "rtl": true
    },
    {
        "id": 223,
        "title": "未读",
        "name": "unread",
        "category": "Base",
        "categoryCN": "基础",
        "author": "李腾",
        "tag": [
            "未读"
        ],
        "rtl": true
    },
    {
        "id": 224,
        "title": "已读",
        "name": "have-read",
        "category": "Base",
        "categoryCN": "基础",
        "author": "李腾",
        "tag": [
            "已读"
        ],
        "rtl": true
    },
    {
        "id": 225,
        "title": "流程",
        "name": "process",
        "category": "Base",
        "categoryCN": "基础",
        "author": "李腾",
        "tag": [
            "流程"
        ],
        "rtl": true
    },
    {
        "id": 226,
        "title": "电话",
        "name": "telephone",
        "category": "Base",
        "categoryCN": "基础",
        "author": "李腾",
        "tag": [
            "电话"
        ],
        "rtl": true
    },
    {
        "id": 227,
        "title": "邮件",
        "name": "email",
        "category": "Base",
        "categoryCN": "基础",
        "author": "李腾",
        "tag": [
            "邮件"
        ],
        "rtl": true
    },
    {
        "id": 228,
        "title": "转派",
        "name": "transfer",
        "category": "Base",
        "categoryCN": "基础",
        "author": "李腾",
        "tag": [
            "转派"
        ],
        "rtl": true
    },
    {
        "id": 229,
        "title": "周期任务",
        "name": "cycle",
        "category": "Base",
        "categoryCN": "基础",
        "author": "李腾",
        "tag": [
            "周期任务"
        ],
        "rtl": true
    },
    {
        "id": 230,
        "title": "登录日志",
        "name": "login-log",
        "category": "Base",
        "categoryCN": "基础",
        "author": "李腾",
        "tag": [
            "登录日志"
        ],
        "rtl": true
    },
    {
        "id": 231,
        "title": "显示",
        "name": "display-2",
        "category": "Base",
        "categoryCN": "基础",
        "author": "李腾",
        "tag": [
            "显示"
        ],
        "rtl": true
    },
    {
        "id": 232,
        "title": "隐藏",
        "name": "hide-2",
        "category": "Base",
        "categoryCN": "基础",
        "author": "李腾",
        "tag": [
            "隐藏"
        ],
        "rtl": true
    },
    {
        "id": 233,
        "title": "文本",
        "name": "text",
        "category": "Base",
        "categoryCN": "基础",
        "author": "李腾",
        "tag": [
            "文本"
        ],
        "rtl": true
    },
    {
        "id": 234,
        "title": "布局",
        "name": "layout",
        "category": "Base",
        "categoryCN": "基础",
        "author": "李腾",
        "tag": [
            "布局"
        ],
        "rtl": true
    },
    {
        "id": 235,
        "title": "网页",
        "name": "web-page",
        "category": "Base",
        "categoryCN": "基础",
        "author": "李腾",
        "tag": [
            "网页"
        ],
        "rtl": true
    },
    {
        "id": 236,
        "title": "表格",
        "name": "table",
        "category": "Base",
        "categoryCN": "基础",
        "author": "李腾",
        "tag": [
            "表格"
        ],
        "rtl": true
    },
    {
        "id": 237,
        "title": "标签页",
        "name": "tab",
        "category": "Base",
        "categoryCN": "基础",
        "author": "李腾",
        "tag": [
            "标签页"
        ],
        "rtl": true
    },
    {
        "id": 238,
        "title": "分隔线",
        "name": "dividing-line",
        "category": "Base",
        "categoryCN": "基础",
        "author": "李腾",
        "tag": [
            "分隔线"
        ],
        "rtl": true
    },
    {
        "id": 239,
        "title": "多行文本",
        "name": "multiline-text-box",
        "category": "Base",
        "categoryCN": "基础",
        "author": "李腾",
        "tag": [
            "多行文本"
        ],
        "rtl": true
    },
    {
        "id": 240,
        "title": "上传",
        "name": "upload-2",
        "category": "Base",
        "categoryCN": "基础",
        "author": "李腾",
        "tag": [
            "上传"
        ],
        "rtl": true
    },
    {
        "id": 241,
        "title": "下载",
        "name": "download-2",
        "category": "Base",
        "categoryCN": "基础",
        "author": "李腾",
        "tag": [
            "下载"
        ],
        "rtl": true
    },
    {
        "id": 242,
        "title": "下拉选框",
        "name": "drop-down",
        "category": "Base",
        "categoryCN": "基础",
        "author": "李腾",
        "tag": [
            "下拉选框"
        ],
        "rtl": true
    },
    {
        "id": 243,
        "title": "单选框",
        "name": "radio-box",
        "category": "Base",
        "categoryCN": "基础",
        "author": "李腾",
        "tag": [
            "单选框"
        ],
        "rtl": true
    },
    {
        "id": 244,
        "title": "复选框",
        "name": "check-box",
        "category": "Base",
        "categoryCN": "基础",
        "author": "李腾",
        "tag": [
            "复选框"
        ],
        "rtl": true
    },
    {
        "id": 245,
        "title": "日期选择",
        "name": "date-picker",
        "category": "Base",
        "categoryCN": "基础",
        "author": "李腾",
        "tag": [
            "日期选择"
        ],
        "rtl": true
    },
    {
        "id": 246,
        "title": "按钮",
        "name": "button",
        "category": "Base",
        "categoryCN": "基础",
        "author": "李腾",
        "tag": [
            "按钮"
        ],
        "rtl": true
    },
    {
        "id": 247,
        "title": "富文本",
        "name": "rich-text",
        "category": "Base",
        "categoryCN": "基础",
        "author": "李腾",
        "tag": [
            "富文本"
        ],
        "rtl": true
    },
    {
        "id": 248,
        "title": "日历",
        "name": "calendar-2",
        "category": "Base",
        "categoryCN": "基础",
        "author": "李腾",
        "tag": [
            "日历"
        ],
        "rtl": true
    },
    {
        "id": 249,
        "title": "文本",
        "name": "local",
        "category": "Base",
        "categoryCN": "基础",
        "author": "李腾",
        "tag": [
            "文本"
        ],
        "rtl": true
    },
    {
        "id": 250,
        "title": "执行时间",
        "name": "execution-time",
        "category": "Base",
        "categoryCN": "基础",
        "author": "李腾",
        "tag": [
            "执行时间"
        ],
        "rtl": true
    },
    {
        "id": 251,
        "title": "限时配置",
        "name": "limited-time-setup",
        "category": "Base",
        "categoryCN": "基础",
        "author": "李腾",
        "tag": [
            "限时配置"
        ],
        "rtl": true
    },
    {
        "id": 252,
        "title": "关联用户",
        "name": "associated-user",
        "category": "Base",
        "categoryCN": "基础",
        "author": "李腾",
        "tag": [
            "关联用户"
        ],
        "rtl": true
    },
    {
        "id": 253,
        "title": "表格模板",
        "name": "table-template",
        "category": "Base",
        "categoryCN": "基础",
        "author": "李腾",
        "tag": [
            "表格模板"
        ],
        "rtl": true
    },
    {
        "id": 254,
        "title": "选择用户",
        "name": "select-user",
        "category": "Base",
        "categoryCN": "基础",
        "author": "李腾",
        "tag": [
            "选择用户"
        ],
        "rtl": true
    },
    {
        "id": 255,
        "title": "组织机构",
        "name": "organization",
        "category": "Base",
        "categoryCN": "基础",
        "author": "李腾",
        "tag": [
            "组织机构"
        ],
        "rtl": true
    },
    {
        "id": 256,
        "title": "业务系统",
        "name": "business-system",
        "category": "Base",
        "categoryCN": "基础",
        "author": "李腾",
        "tag": [
            "业务系统"
        ],
        "rtl": true
    },
    {
        "id": 257,
        "title": "定级业务系统",
        "name": "grading-business-system",
        "category": "Base",
        "categoryCN": "基础",
        "author": "李腾",
        "tag": [
            "定级业务系统"
        ],
        "rtl": true
    },
    {
        "id": 258,
        "title": "选择资产",
        "name": "select-asset",
        "category": "Base",
        "categoryCN": "基础",
        "author": "李腾",
        "tag": [
            "选择资产"
        ],
        "rtl": true
    },
    {
        "id": 259,
        "title": "资产类型",
        "name": "asset-type",
        "category": "Base",
        "categoryCN": "基础",
        "author": "李腾",
        "tag": [
            "资产类型"
        ],
        "rtl": true
    },
    {
        "id": 260,
        "title": "选择风险",
        "name": "select-risk",
        "category": "Base",
        "categoryCN": "基础",
        "author": "李腾",
        "tag": [
            "选择风险"
        ],
        "rtl": true
    },
    {
        "id": 261,
        "title": "日常检测",
        "name": "daily-inspection",
        "category": "Base",
        "categoryCN": "基础",
        "author": "李腾",
        "tag": [
            "日常检测"
        ],
        "rtl": true
    },
    {
        "id": 262,
        "title": "专项检查",
        "name": "special-inspection",
        "category": "Base",
        "categoryCN": "基础",
        "author": "李腾",
        "tag": [
            "专项检查"
        ],
        "rtl": true
    },
    {
        "id": 263,
        "title": "资产发现",
        "name": "asset-discover-2",
        "category": "Base",
        "categoryCN": "基础",
        "author": "李腾",
        "tag": [
            "资产发现"
        ],
        "rtl": true
    },
    {
        "id": 264,
        "title": "漏洞闭环",
        "name": "vulnerability-closed-loop",
        "category": "Base",
        "categoryCN": "基础",
        "author": "李腾",
        "tag": [
            "漏洞闭环"
        ],
        "rtl": true
    },
    {
        "id": 265,
        "title": "回收站",
        "name": "recycle-bin",
        "category": "Base",
        "categoryCN": "基础",
        "author": "李腾",
        "tag": [
            "回收站"
        ],
        "rtl": true
    },
    {
        "id": 266,
        "title": "手机验证",
        "name": "mobile-verification",
        "category": "Base",
        "categoryCN": "基础",
        "author": "李腾",
        "tag": [
            "手机验证"
        ],
        "rtl": true
    },
    {
        "id": 267,
        "title": "模板",
        "name": "template",
        "category": "Base",
        "categoryCN": "基础",
        "author": "李腾",
        "tag": [
            "模板"
        ],
        "rtl": true
    },
    {
        "id": 268,
        "title": "输入框",
        "name": "input-box",
        "category": "Base",
        "categoryCN": "基础",
        "author": "李腾",
        "tag": [
            "输入框"
        ],
        "rtl": true
    }
]